condition,arm,mean_macro_f1,std_macro_f1,n_seeds_used,seeds,at_chance
clean,s4d_plus_gate,0.7251695180331168,0.08104834416096424,5,0|1|2|3|4,False
clean,bm3_frozen,0.7782226068730947,0.08127227883370043,5,0|1|2|3|4,False
clean,s4d,0.8119701622736294,0.05325762981870527,5,0|1|2|3|4,False
clean,frozen_nogate,0.7103859264633032,0.07380995851804117,5,0|1|2|3|4,False
awgn@+10dB,s4d_plus_gate,0.770708942303078,0.06014392286347359,5,0|1|2|3|4,False
awgn@+10dB,bm3_frozen,0.7996313517101333,0.06749926198757278,5,0|1|2|3|4,False
awgn@+10dB,s4d,0.8146929197021473,0.052720571251788084,5,0|1|2|3|4,False
awgn@+10dB,frozen_nogate,0.7154779792638715,0.07401661120260312,5,0|1|2|3|4,False
awgn@+6dB,s4d_plus_gate,0.7991297223106301,0.030527564349717,5,0|1|2|3|4,False
awgn@+6dB,bm3_frozen,0.8365555566571219,0.03739673576063133,5,0|1|2|3|4,False
awgn@+6dB,s4d,0.8175380450824813,0.04504402835565481,5,0|1|2|3|4,False
awgn@+6dB,frozen_nogate,0.7144858728006429,0.047957929628602264,5,0|1|2|3|4,False
awgn@+0dB,s4d_plus_gate,0.7982268078031681,0.017669315165155318,5,0|1|2|3|4,False
awgn@+0dB,bm3_frozen,0.9064205876063728,0.06637527735211927,5,0|1|2|3|4,False
awgn@+0dB,s4d,0.7624087568951109,0.045193124276846235,5,0|1|2|3|4,False
awgn@+0dB,frozen_nogate,0.775960811058401,0.08257775766974187,5,0|1|2|3|4,False
awgn@-2dB,s4d_plus_gate,0.7940828293058637,0.02082071405711344,5,0|1|2|3|4,False
awgn@-2dB,bm3_frozen,0.9283133502027292,0.04571508985711031,5,0|1|2|3|4,False
awgn@-2dB,s4d,0.7518870839867308,0.03893709790231638,5,0|1|2|3|4,False
awgn@-2dB,frozen_nogate,0.7172692417435496,0.14788536665070084,5,0|1|2|3|4,False
awgn@-6dB,s4d_plus_gate,0.6916908863312241,0.01484844815409059,5,0|1|2|3|4,False
awgn@-6dB,bm3_frozen,0.8599154309620903,0.0935382072912062,5,0|1|2|3|4,False
awgn@-6dB,s4d,0.6856281128195365,0.01639345706672035,5,0|1|2|3|4,False
awgn@-6dB,frozen_nogate,0.6246293335557078,0.11559060610808235,5,0|1|2|3|4,False
awgn@-10dB,s4d_plus_gate,0.5914303146897973,0.00970336804706335,5,0|1|2|3|4,False
awgn@-10dB,bm3_frozen,0.6463042171250878,0.06140131044886217,5,0|1|2|3|4,False
awgn@-10dB,s4d,0.5233467823335552,0.03852344789721878,5,0|1|2|3|4,True
awgn@-10dB,frozen_nogate,0.519616067204573,0.008895025046464356,5,0|1|2|3|4,True
