arm,condition,class,precision,recall,f1,support,tp,fp,fn
bm3_frozen,clean,OR,0.815410,0.987614,0.893289,17520,17303,3917,217
bm3_frozen,clean,IR,0.956773,0.550803,0.699127,8720,4803,217,3917
bm3_frozen,awgn@+0dB,OR,0.892423,0.975400,0.932068,17520,17089,2060,431
bm3_frozen,awgn@+0dB,IR,0.939219,0.763761,0.842451,8720,6660,431,2060
bm3_frozen,awgn@-6dB,OR,0.860098,0.892352,0.875928,17520,15634,2543,1886
bm3_frozen,awgn@-6dB,IR,0.766092,0.708372,0.736102,8720,6177,1886,2543
bm3_kin,clean,OR,0.815927,0.998858,0.898173,17520,17500,3948,20
bm3_kin,clean,IR,0.995826,0.547248,0.706335,8720,4772,20,3948
bm3_kin,awgn@+0dB,OR,0.927288,0.992865,0.958957,17520,17395,1364,125
bm3_kin,awgn@+0dB,IR,0.983291,0.843578,0.908092,8720,7356,125,1364
bm3_kin,awgn@-6dB,OR,0.908957,0.948231,0.928178,17520,16613,1664,907
bm3_kin,awgn@-6dB,IR,0.886098,0.809174,0.845891,8720,7056,907,1664
frozen_nogate,clean,OR,0.767192,0.966610,0.855433,17520,16935,5139,585
frozen_nogate,clean,IR,0.859578,0.410665,0.555797,8720,3581,585,5139
frozen_nogate,awgn@+0dB,OR,0.748535,0.918493,0.824850,17520,16092,5406,1428
frozen_nogate,awgn@+0dB,IR,0.698861,0.380046,0.492349,8720,3314,1428,5406
frozen_nogate,awgn@-6dB,OR,0.707054,0.753425,0.729503,17520,13200,5469,4320
frozen_nogate,awgn@-6dB,IR,0.429402,0.372821,0.399116,8720,3251,4320,5469
s4d,clean,OR,0.833812,0.960502,0.892685,17520,16828,3354,692
s4d,clean,IR,0.885771,0.615367,0.726215,8720,5366,692,3354
s4d,awgn@+0dB,OR,0.837630,0.853025,0.845258,17520,14945,2897,2575
s4d,awgn@+0dB,IR,0.693379,0.667775,0.680336,8720,5823,2575,2897
s4d,awgn@-6dB,OR,0.766071,0.712158,0.738131,17520,12477,3810,5043
s4d,awgn@-6dB,IR,0.493319,0.563073,0.525893,8720,4910,5043,3810
s4d_plus_gate,clean,OR,0.777135,0.988984,0.870354,17520,17327,4969,193
s4d_plus_gate,clean,IR,0.951065,0.430161,0.592388,8720,3751,193,4969
s4d_plus_gate,awgn@+0dB,OR,0.830726,0.930537,0.877803,17520,16303,3322,1217
s4d_plus_gate,awgn@+0dB,IR,0.816024,0.619037,0.704010,8720,5398,1217,3322
s4d_plus_gate,awgn@-6dB,OR,0.803525,0.757249,0.779701,17520,13267,3244,4253
s4d_plus_gate,awgn@-6dB,IR,0.562853,0.627982,0.593637,8720,5476,4253,3244
