condition,comparison,mean_diff_pp,std_diff_pp,paired_ttest_stat,paired_ttest_p,wilcoxon_stat,wilcoxon_p,significant_p05
clean,kin_minus_frozen,-0.023,8.228,-0.006286281676544429,0.995285327557363,7.0,1.0,False
clean,frozen_minus_s4d,-2.079,8.54,-0.5442529881194917,0.6151852894317525,7.0,1.0,False
awgn@+10dB,kin_minus_frozen,4.374,9.536,1.0255602618611037,0.36306705979912196,5.0,0.625,False
awgn@+10dB,frozen_minus_s4d,-2.471,10.636,-0.5194439238654004,0.6308700984113248,6.0,0.8125,False
awgn@+6dB,kin_minus_frozen,3.845,9.408,0.9138912822836889,0.4124777867913562,4.0,0.4375,False
awgn@+6dB,frozen_minus_s4d,2.423,1.465,3.6968038615524534,0.0208938067052844,0.0,0.0625,True
awgn@+0dB,kin_minus_frozen,5.145,7.902,1.4558450033263486,0.2191433207972295,4.0,0.4375,False
awgn@+0dB,frozen_minus_s4d,13.784,11.477,2.6854723048883153,0.05491552956891519,0.0,0.0625,False
awgn@-2dB,kin_minus_frozen,3.335,5.21,1.4315190472742012,0.22553745256240607,3.0,0.3125,False
awgn@-2dB,frozen_minus_s4d,16.962,9.236,4.106772121217615,0.01477104066376381,0.0,0.0625,True
awgn@-6dB,kin_minus_frozen,2.19,7.763,0.6307930142274084,0.5624211611333472,7.0,1.0,False
awgn@-6dB,frozen_minus_s4d,17.746,9.6,4.133633027924733,0.014451124518535528,0.0,0.0625,True
awgn@-10dB,kin_minus_frozen,3.796,5.046,1.6819275614197422,0.16787481842668844,2.0,0.1875,False
awgn@-10dB,frozen_minus_s4d,11.981,5.327,5.02954402739784,0.007335846162950269,0.0,0.0625,True
