pair,rule,arm,condition,n,mean,sd,n_params
1,final,bm3_frozen,awgn@+0dB,5,83.14,8.19,112410
1,final,bm3_frozen,awgn@-2dB,5,87.33,5.38,112410
1,final,bm3_frozen,awgn@-6dB,5,83.09,9.64,112410
1,final,bm3_kin,awgn@+0dB,5,86.88,3.29,177938
1,final,bm3_kin,awgn@-2dB,5,88.26,2.07,177938
1,final,bm3_kin,awgn@-6dB,5,83.33,3.0,177938
1,final,frozen_cangle,awgn@+0dB,5,86.72,2.85,104346
1,final,frozen_cangle,awgn@-2dB,5,89.14,1.43,104346
1,final,frozen_cangle,awgn@-6dB,5,86.41,2.7,104346
1,final,frozen_clti,awgn@+0dB,5,89.49,1.81,103842
1,final,frozen_clti,awgn@-2dB,5,91.48,1.47,103842
1,final,frozen_clti,awgn@-6dB,5,87.88,1.43,103842
1,final,frozen_ctrap,awgn@+0dB,5,87.64,6.12,111906
1,final,frozen_ctrap,awgn@-2dB,5,89.31,4.82,111906
1,final,frozen_ctrap,awgn@-6dB,5,87.98,1.75,111906
1,final,frozen_nogate,awgn@+0dB,5,74.04,8.18,79642
1,final,frozen_nogate,awgn@-2dB,5,71.72,14.57,79642
1,final,frozen_nogate,awgn@-6dB,5,60.51,12.76,79642
1,final,s4d,awgn@+0dB,5,67.6,3.94,100162
1,final,s4d,awgn@-2dB,5,67.53,2.8,100162
1,final,s4d,awgn@-6dB,5,66.69,1.8,100162
1,final,s4d_plus_branch,awgn@+0dB,5,73.07,1.3,198978
1,final,s4d_plus_branch,awgn@-2dB,5,76.17,2.2,198978
1,final,s4d_plus_branch,awgn@-6dB,5,73.83,2.33,198978
1,final,s4d_plus_gate,awgn@+0dB,5,71.47,1.73,116802
1,final,s4d_plus_gate,awgn@-2dB,5,74.28,2.38,116802
1,final,s4d_plus_gate,awgn@-6dB,5,66.64,3.27,116802
1,final,s4d_plus_gate_wm,awgn@+0dB,5,70.07,1.45,198978
1,final,s4d_plus_gate_wm,awgn@-2dB,5,73.44,3.01,198978
1,final,s4d_plus_gate_wm,awgn@-6dB,5,73.76,6.33,198978
1,oracle,bm3_frozen,awgn@+0dB,5,90.56,7.53,112410
1,oracle,bm3_frozen,awgn@-2dB,5,92.35,5.52,112410
1,oracle,bm3_frozen,awgn@-6dB,5,85.67,9.88,112410
1,oracle,bm3_kin,awgn@+0dB,5,95.61,1.85,177938
1,oracle,bm3_kin,awgn@-2dB,5,95.83,1.39,177938
1,oracle,bm3_kin,awgn@-6dB,5,88.64,2.75,177938
1,oracle,frozen_cangle,awgn@+0dB,5,94.64,1.63,104346
1,oracle,frozen_cangle,awgn@-2dB,5,94.55,2.16,104346
1,oracle,frozen_cangle,awgn@-6dB,5,89.05,2.62,104346
1,oracle,frozen_clti,awgn@+0dB,5,96.47,1.15,103842
1,oracle,frozen_clti,awgn@-2dB,5,96.75,1.18,103842
1,oracle,frozen_clti,awgn@-6dB,5,90.51,2.08,103842
1,oracle,frozen_ctrap,awgn@+0dB,5,95.55,3.86,111906
1,oracle,frozen_ctrap,awgn@-2dB,5,95.26,2.95,111906
1,oracle,frozen_ctrap,awgn@-6dB,5,90.49,2.07,111906
1,oracle,frozen_nogate,awgn@+0dB,5,77.72,9.91,79642
1,oracle,frozen_nogate,awgn@-2dB,5,73.1,15.98,79642
1,oracle,frozen_nogate,awgn@-6dB,5,61.91,12.4,79642
1,oracle,s4d,awgn@+0dB,5,75.93,5.53,100162
1,oracle,s4d,awgn@-2dB,5,75.13,4.53,100162
1,oracle,s4d,awgn@-6dB,5,68.56,1.83,100162
1,oracle,s4d_plus_branch,awgn@+0dB,5,84.1,0.86,198978
1,oracle,s4d_plus_branch,awgn@-2dB,5,83.69,0.63,198978
1,oracle,s4d_plus_branch,awgn@-6dB,5,75.3,2.52,198978
1,oracle,s4d_plus_gate,awgn@+0dB,5,80.94,2.0,116802
1,oracle,s4d_plus_gate,awgn@-2dB,5,79.93,2.74,116802
1,oracle,s4d_plus_gate,awgn@-6dB,5,69.24,2.24,116802
1,oracle,s4d_plus_gate_wm,awgn@+0dB,5,82.7,1.43,198978
1,oracle,s4d_plus_gate_wm,awgn@-2dB,5,83.24,2.77,198978
1,oracle,s4d_plus_gate_wm,awgn@-6dB,5,76.17,5.81,198978
2,final,bm3_frozen,awgn@+0dB,5,74.66,6.24,112410
2,final,bm3_frozen,awgn@-2dB,5,76.68,1.92,112410
2,final,bm3_frozen,awgn@-6dB,5,73.93,4.77,112410
2,final,frozen_clti,awgn@+0dB,5,77.46,1.24,103842
2,final,frozen_clti,awgn@-2dB,5,77.93,1.02,103842
2,final,frozen_clti,awgn@-6dB,5,73.98,1.56,103842
2,final,frozen_nogate,awgn@+0dB,5,56.23,14.96,79642
2,final,frozen_nogate,awgn@-2dB,5,54.72,14.78,79642
2,final,frozen_nogate,awgn@-6dB,5,49.96,12.21,79642
2,final,s4d,awgn@+0dB,5,51.19,3.7,100162
2,final,s4d,awgn@-2dB,5,52.36,3.45,100162
2,final,s4d,awgn@-6dB,5,51.76,2.42,100162
2,final,s4d_plus_gate_wm,awgn@+0dB,5,72.92,2.74,198978
2,final,s4d_plus_gate_wm,awgn@-2dB,5,73.86,2.18,198978
2,final,s4d_plus_gate_wm,awgn@-6dB,5,72.25,2.79,198978
2,oracle,bm3_frozen,awgn@+0dB,5,81.12,8.03,112410
2,oracle,bm3_frozen,awgn@-2dB,5,84.0,4.04,112410
2,oracle,bm3_frozen,awgn@-6dB,5,80.79,6.74,112410
2,oracle,frozen_clti,awgn@+0dB,5,86.34,2.37,103842
2,oracle,frozen_clti,awgn@-2dB,5,87.85,3.33,103842
2,oracle,frozen_clti,awgn@-6dB,5,81.69,2.81,103842
2,oracle,frozen_nogate,awgn@+0dB,5,63.76,15.24,79642
2,oracle,frozen_nogate,awgn@-2dB,5,61.96,16.87,79642
2,oracle,frozen_nogate,awgn@-6dB,5,57.06,12.35,79642
2,oracle,s4d,awgn@+0dB,5,61.2,4.58,100162
2,oracle,s4d,awgn@-2dB,5,60.96,5.57,100162
2,oracle,s4d,awgn@-6dB,5,54.56,3.36,100162
2,oracle,s4d_plus_gate_wm,awgn@+0dB,5,79.03,1.81,198978
2,oracle,s4d_plus_gate_wm,awgn@-2dB,5,80.49,1.58,198978
2,oracle,s4d_plus_gate_wm,awgn@-6dB,5,78.49,5.22,198978
