pair,rule,stat,arm,awgn@+0dB,awgn@-2dB,awgn@-6dB,mean,ci_lo,ci_hi
1,final,R,s4d_plus_gate_wm,0.1585,0.2984,0.431,0.296,0.1587,0.5155
1,final,R,s4d_plus_branch,0.3518,0.4365,0.4352,0.4078,0.3108,0.6006
1,final,R_dR,gate_wm - branch,,,,-0.1118,-0.2629,0.0218
1,final,R_prime,s4d_plus_gate_wm,0.1125,0.2468,0.3337,0.231,0.1278,0.3292
1,final,R_prime,s4d_plus_branch,0.2497,0.361,0.3369,0.3159,0.2517,0.3732
1,final,R_prime_dR,gate_wm - branch,,,,-0.0849,-0.1805,0.0108
1,oracle,R,s4d_plus_gate_wm,0.4627,0.4709,0.4446,0.4594,0.3153,0.6947
1,oracle,R,s4d_plus_branch,0.5583,0.4974,0.3941,0.4833,0.3696,0.6901
1,oracle,R_dR,gate_wm - branch,,,,-0.0239,-0.148,0.1042
1,oracle,R_prime,s4d_plus_gate_wm,0.3296,0.3749,0.3465,0.3504,0.2458,0.4458
1,oracle,R_prime,s4d_plus_branch,0.3977,0.3961,0.3071,0.367,0.2932,0.4261
1,oracle,R_prime_dR,gate_wm - branch,,,,-0.0166,-0.1011,0.0722
2,final,R2,s4d_plus_gate_wm,0.9258,0.8843,0.924,0.9114,0.8246,1.0401
2,final,R2_prime,s4d_plus_gate_wm,0.827,0.841,0.922,0.8634,0.8081,0.9161
2,oracle,R2,s4d_plus_gate_wm,0.8952,0.8477,0.9125,0.8851,0.77,1.0829
2,oracle,R2_prime,s4d_plus_gate_wm,0.7094,0.7266,0.8822,0.7727,0.6994,0.8429
