pair,rule,contrast,condition,n,mean,lo,hi,n_pos
1,final,s4d_plus_gate_wm - s4d,awgn@+0dB,5,2.463,-3.42,8.346,3
1,final,s4d_plus_gate_wm - s4d,awgn@-2dB,5,5.91,2.954,8.867,5
1,final,s4d_plus_gate_wm - s4d,awgn@-6dB,5,7.07,0.355,13.784,5
1,final,s4d_plus_branch - s4d,awgn@+0dB,5,5.465,-0.21,11.141,5
1,final,s4d_plus_branch - s4d,awgn@-2dB,5,8.645,3.521,13.769,5
1,final,s4d_plus_branch - s4d,awgn@-6dB,5,7.138,5.275,9.002,5
1,final,s4d_plus_gate_wm - s4d_plus_branch,awgn@+0dB,5,-3.003,-4.539,-1.466,0
1,final,s4d_plus_gate_wm - s4d_plus_branch,awgn@-2dB,5,-2.735,-6.88,1.41,1
1,final,s4d_plus_gate_wm - s4d_plus_branch,awgn@-6dB,5,-0.069,-5.771,5.633,2
1,final,s4d_plus_gate_wm - s4d_plus_gate,awgn@+0dB,5,-1.406,-3.789,0.977,1
1,final,s4d_plus_gate_wm - s4d_plus_gate,awgn@-2dB,5,-0.847,-5.415,3.721,2
1,final,s4d_plus_gate_wm - s4d_plus_gate,awgn@-6dB,5,7.12,2.019,12.222,5
1,final,bm3_frozen - s4d,awgn@+0dB,5,15.537,4.307,26.767,5
1,final,bm3_frozen - s4d,awgn@-2dB,5,19.807,11.952,27.663,5
1,final,bm3_frozen - s4d,awgn@-6dB,5,16.403,4.104,28.701,4
1,oracle,s4d_plus_gate_wm - s4d,awgn@+0dB,5,6.77,-1.003,14.544,4
1,oracle,s4d_plus_gate_wm - s4d,awgn@-2dB,5,8.108,2.639,13.577,5
1,oracle,s4d_plus_gate_wm - s4d,awgn@-6dB,5,7.606,1.165,14.046,5
1,oracle,s4d_plus_branch - s4d,awgn@+0dB,5,8.169,0.499,15.839,5
1,oracle,s4d_plus_branch - s4d,awgn@-2dB,5,8.565,3.55,13.581,5
1,oracle,s4d_plus_branch - s4d,awgn@-6dB,5,6.741,4.095,9.386,5
1,oracle,s4d_plus_gate_wm - s4d_plus_branch,awgn@+0dB,5,-1.399,-3.272,0.474,1
1,oracle,s4d_plus_gate_wm - s4d_plus_branch,awgn@-2dB,5,-0.457,-4.197,3.283,1
1,oracle,s4d_plus_gate_wm - s4d_plus_branch,awgn@-6dB,5,0.865,-4.009,5.739,2
1,oracle,s4d_plus_gate_wm - s4d_plus_gate,awgn@+0dB,5,1.758,-2.1,5.615,4
1,oracle,s4d_plus_gate_wm - s4d_plus_gate,awgn@-2dB,5,3.31,-1.453,8.073,4
1,oracle,s4d_plus_gate_wm - s4d_plus_gate,awgn@-6dB,5,6.93,1.308,12.551,5
1,oracle,bm3_frozen - s4d,awgn@+0dB,5,14.631,1.285,27.978,5
1,oracle,bm3_frozen - s4d,awgn@-2dB,5,17.219,6.699,27.739,5
1,oracle,bm3_frozen - s4d,awgn@-6dB,5,17.106,4.336,29.875,4
2,final,frozen_clti - s4d,awgn@+0dB,5,26.265,21.544,30.986,5
2,final,frozen_clti - s4d,awgn@-2dB,5,25.561,21.06,30.062,5
2,final,frozen_clti - s4d,awgn@-6dB,5,22.22,18.822,25.618,5
2,final,bm3_frozen - s4d,awgn@+0dB,5,23.464,12.108,34.82,5
2,final,bm3_frozen - s4d,awgn@-2dB,5,24.311,18.77,29.852,5
2,final,bm3_frozen - s4d,awgn@-6dB,5,22.171,14.95,29.392,5
2,final,bm3_frozen - frozen_nogate,awgn@+0dB,5,18.423,1.21,35.637,5
2,final,bm3_frozen - frozen_nogate,awgn@-2dB,5,21.958,3.353,40.564,5
2,final,bm3_frozen - frozen_nogate,awgn@-6dB,5,23.968,7.594,40.342,5
2,final,frozen_clti - frozen_nogate,awgn@+0dB,5,21.224,2.211,40.238,5
2,final,frozen_clti - frozen_nogate,awgn@-2dB,5,23.209,4.168,42.25,5
2,final,frozen_clti - frozen_nogate,awgn@-6dB,5,24.018,8.484,39.551,5
2,final,frozen_nogate - s4d,awgn@+0dB,5,5.041,-17.63,27.712,2
2,final,frozen_nogate - s4d,awgn@-2dB,5,2.353,-19.218,23.923,2
2,final,frozen_nogate - s4d,awgn@-6dB,5,-1.797,-18.874,15.279,1
2,final,s4d_plus_gate_wm - s4d,awgn@+0dB,5,21.722,15.413,28.03,5
2,final,s4d_plus_gate_wm - s4d,awgn@-2dB,5,21.498,17.036,25.961,5
2,final,s4d_plus_gate_wm - s4d,awgn@-6dB,5,20.487,15.73,25.243,5
2,final,bm3_frozen - frozen_clti,awgn@+0dB,5,-2.801,-10.984,5.382,3
2,final,bm3_frozen - frozen_clti,awgn@-2dB,5,-1.251,-2.891,0.389,1
2,final,bm3_frozen - frozen_clti,awgn@-6dB,5,-0.049,-4.364,4.265,3
2,oracle,frozen_clti - s4d,awgn@+0dB,5,25.146,19.973,30.319,5
2,oracle,frozen_clti - s4d,awgn@-2dB,5,26.885,19.171,34.598,5
2,oracle,frozen_clti - s4d,awgn@-6dB,5,27.124,21.658,32.591,5
2,oracle,bm3_frozen - s4d,awgn@+0dB,5,19.926,5.631,34.22,5
2,oracle,bm3_frozen - s4d,awgn@-2dB,5,23.044,14.481,31.607,5
2,oracle,bm3_frozen - s4d,awgn@-6dB,5,26.224,14.66,37.788,5
2,oracle,bm3_frozen - frozen_nogate,awgn@+0dB,5,17.361,0.869,33.853,5
2,oracle,bm3_frozen - frozen_nogate,awgn@-2dB,5,22.049,2.161,41.937,4
2,oracle,bm3_frozen - frozen_nogate,awgn@-6dB,5,23.732,7.824,39.641,5
2,oracle,frozen_clti - frozen_nogate,awgn@+0dB,5,22.581,1.938,43.224,4
2,oracle,frozen_clti - frozen_nogate,awgn@-2dB,5,25.89,2.539,49.24,4
2,oracle,frozen_clti - frozen_nogate,awgn@-6dB,5,24.633,8.681,40.585,5
2,oracle,frozen_nogate - s4d,awgn@+0dB,5,2.565,-21.636,26.765,2
2,oracle,frozen_nogate - s4d,awgn@-2dB,5,0.995,-26.192,28.182,2
2,oracle,frozen_nogate - s4d,awgn@-6dB,5,2.492,-16.12,21.103,1
2,oracle,s4d_plus_gate_wm - s4d,awgn@+0dB,5,17.838,10.78,24.895,5
2,oracle,s4d_plus_gate_wm - s4d,awgn@-2dB,5,19.534,12.765,26.303,5
2,oracle,s4d_plus_gate_wm - s4d,awgn@-6dB,5,23.928,15.326,32.531,5
2,oracle,bm3_frozen - frozen_clti,awgn@+0dB,5,-5.22,-15.619,5.179,1
2,oracle,bm3_frozen - frozen_clti,awgn@-2dB,5,-3.841,-11.182,3.501,2
2,oracle,bm3_frozen - frozen_clti,awgn@-6dB,5,-0.901,-7.757,5.956,3
