arm,noise_type,snr_db,seed,macro_f1
bm3_kin,clean,,0,71.9159
cnn1d,clean,,0,41.0798
tcn,clean,,0,42.0452
cnnlstm,clean,,0,63.9119
s4d,clean,,0,77.7295
bm3_kin,clean,,1,82.7243
cnn1d,clean,,1,41.5645
tcn,clean,,1,45.0197
cnnlstm,clean,,1,55.7603
s4d,clean,,1,84.0058
bm3_kin,clean,,2,69.8967
cnn1d,clean,,2,45.4164
tcn,clean,,2,52.3579
cnnlstm,clean,,2,53.4799
s4d,clean,,2,72.9441
bm3_kin,clean,,3,93.9136
cnn1d,clean,,3,40.2837
tcn,clean,,3,51.6901
cnnlstm,clean,,3,51.3117
s4d,clean,,3,81.909
bm3_kin,clean,,4,81.7313
cnn1d,clean,,4,41.3227
tcn,clean,,4,44.2759
cnnlstm,clean,,4,56.2745
s4d,clean,,4,88.3068
bm3_kin,awgn,0.0,0,49.5807
cnn1d,awgn,0.0,0,45.2433
tcn,awgn,0.0,0,47.9869
cnnlstm,awgn,0.0,0,45.6423
s4d,awgn,0.0,0,48.8518
bm3_kin,awgn,0.0,1,48.7115
cnn1d,awgn,0.0,1,41.8202
tcn,awgn,0.0,1,47.6572
cnnlstm,awgn,0.0,1,46.8693
s4d,awgn,0.0,1,49.2137
bm3_kin,awgn,0.0,2,48.8113
cnn1d,awgn,0.0,2,43.2462
tcn,awgn,0.0,2,45.3851
cnnlstm,awgn,0.0,2,48.37
s4d,awgn,0.0,2,49.6516
bm3_kin,awgn,0.0,3,48.5633
cnn1d,awgn,0.0,3,39.6444
tcn,awgn,0.0,3,44.827
cnnlstm,awgn,0.0,3,44.3004
s4d,awgn,0.0,3,50.8132
bm3_kin,awgn,0.0,4,49.1064
cnn1d,awgn,0.0,4,44.948
tcn,awgn,0.0,4,42.717
cnnlstm,awgn,0.0,4,42.308
s4d,awgn,0.0,4,49.9551
bm3_kin,awgn,-2.0,0,49.4
cnn1d,awgn,-2.0,0,44.9749
tcn,awgn,-2.0,0,47.3152
cnnlstm,awgn,-2.0,0,46.5349
s4d,awgn,-2.0,0,49.7111
bm3_kin,awgn,-2.0,1,48.8732
cnn1d,awgn,-2.0,1,41.1775
tcn,awgn,-2.0,1,48.9031
cnnlstm,awgn,-2.0,1,47.1248
s4d,awgn,-2.0,1,49.3726
bm3_kin,awgn,-2.0,2,49.3531
cnn1d,awgn,-2.0,2,43.7105
tcn,awgn,-2.0,2,45.4343
cnnlstm,awgn,-2.0,2,48.2293
s4d,awgn,-2.0,2,49.5365
bm3_kin,awgn,-2.0,3,48.6151
cnn1d,awgn,-2.0,3,39.9601
tcn,awgn,-2.0,3,46.6007
cnnlstm,awgn,-2.0,3,44.2936
s4d,awgn,-2.0,3,50.4811
bm3_kin,awgn,-2.0,4,48.9286
cnn1d,awgn,-2.0,4,43.0101
tcn,awgn,-2.0,4,46.0798
cnnlstm,awgn,-2.0,4,42.1709
s4d,awgn,-2.0,4,49.6383
bm3_kin,awgn,-6.0,0,49.0522
cnn1d,awgn,-6.0,0,45.4799
tcn,awgn,-6.0,0,41.9578
cnnlstm,awgn,-6.0,0,46.1733
s4d,awgn,-6.0,0,48.6562
bm3_kin,awgn,-6.0,1,48.4481
cnn1d,awgn,-6.0,1,42.5449
tcn,awgn,-6.0,1,47.8812
cnnlstm,awgn,-6.0,1,47.3684
s4d,awgn,-6.0,1,49.9885
bm3_kin,awgn,-6.0,2,49.7111
cnn1d,awgn,-6.0,2,43.2962
tcn,awgn,-6.0,2,44.6562
cnnlstm,awgn,-6.0,2,48.3251
s4d,awgn,-6.0,2,49.6863
bm3_kin,awgn,-6.0,3,48.5542
cnn1d,awgn,-6.0,3,39.5421
tcn,awgn,-6.0,3,46.073
cnnlstm,awgn,-6.0,3,44.4597
s4d,awgn,-6.0,3,50.8767
bm3_kin,awgn,-6.0,4,48.707
cnn1d,awgn,-6.0,4,45.1457
tcn,awgn,-6.0,4,45.2904
cnnlstm,awgn,-6.0,4,42.1541
s4d,awgn,-6.0,4,49.7149
bm3_kin,awgn,-10.0,0,49.2494
cnn1d,awgn,-10.0,0,45.33
tcn,awgn,-10.0,0,45.3113
cnnlstm,awgn,-10.0,0,45.7949
s4d,awgn,-10.0,0,48.9558
bm3_kin,awgn,-10.0,1,48.146
cnn1d,awgn,-10.0,1,40.8402
tcn,awgn,-10.0,1,48.1021
cnnlstm,awgn,-10.0,1,47.2391
s4d,awgn,-10.0,1,49.1874
bm3_kin,awgn,-10.0,2,46.3453
cnn1d,awgn,-10.0,2,42.6297
tcn,awgn,-10.0,2,47.5901
cnnlstm,awgn,-10.0,2,48.1844
s4d,awgn,-10.0,2,49.5901
bm3_kin,awgn,-10.0,3,48.4209
cnn1d,awgn,-10.0,3,40.4975
tcn,awgn,-10.0,3,47.8379
cnnlstm,awgn,-10.0,3,44.0523
s4d,awgn,-10.0,3,50.9651
bm3_kin,awgn,-10.0,4,46.4282
cnn1d,awgn,-10.0,4,45.6369
tcn,awgn,-10.0,4,48.0019
cnnlstm,awgn,-10.0,4,43.4794
s4d,awgn,-10.0,4,49.6378
bm3_kin,pink,0.0,0,48.3698
cnn1d,pink,0.0,0,42.9712
tcn,pink,0.0,0,45.6478
cnnlstm,pink,0.0,0,47.2785
s4d,pink,0.0,0,50.5648
bm3_kin,pink,0.0,1,47.9401
cnn1d,pink,0.0,1,43.9353
tcn,pink,0.0,1,46.9035
cnnlstm,pink,0.0,1,45.154
s4d,pink,0.0,1,49.3905
bm3_kin,pink,0.0,2,48.4403
cnn1d,pink,0.0,2,44.1111
tcn,pink,0.0,2,48.1527
cnnlstm,pink,0.0,2,47.8047
s4d,pink,0.0,2,49.8316
bm3_kin,pink,0.0,3,49.7876
cnn1d,pink,0.0,3,42.8053
tcn,pink,0.0,3,47.8769
cnnlstm,pink,0.0,3,45.4245
s4d,pink,0.0,3,49.7436
bm3_kin,pink,0.0,4,49.6505
cnn1d,pink,0.0,4,38.3541
tcn,pink,0.0,4,49.368
cnnlstm,pink,0.0,4,45.1446
s4d,pink,0.0,4,50.0384
bm3_kin,pink,-2.0,0,48.1578
cnn1d,pink,-2.0,0,39.9584
tcn,pink,-2.0,0,47.4735
cnnlstm,pink,-2.0,0,47.6731
s4d,pink,-2.0,0,49.9977
bm3_kin,pink,-2.0,1,48.7545
cnn1d,pink,-2.0,1,46.77
tcn,pink,-2.0,1,47.583
cnnlstm,pink,-2.0,1,45.7275
s4d,pink,-2.0,1,49.5091
bm3_kin,pink,-2.0,2,48.1833
cnn1d,pink,-2.0,2,45.2972
tcn,pink,-2.0,2,46.5724
cnnlstm,pink,-2.0,2,47.6419
s4d,pink,-2.0,2,50.6085
bm3_kin,pink,-2.0,3,50.0298
cnn1d,pink,-2.0,3,44.6869
tcn,pink,-2.0,3,47.7304
cnnlstm,pink,-2.0,3,45.2239
s4d,pink,-2.0,3,49.8755
bm3_kin,pink,-2.0,4,49.5296
cnn1d,pink,-2.0,4,44.939
tcn,pink,-2.0,4,45.6613
cnnlstm,pink,-2.0,4,46.1926
s4d,pink,-2.0,4,50.2856
bm3_kin,pink,-6.0,0,48.473
cnn1d,pink,-6.0,0,40.0824
tcn,pink,-6.0,0,45.2121
cnnlstm,pink,-6.0,0,47.4711
s4d,pink,-6.0,0,50.1495
bm3_kin,pink,-6.0,1,48.2371
cnn1d,pink,-6.0,1,44.4665
tcn,pink,-6.0,1,48.4278
cnnlstm,pink,-6.0,1,46.0606
s4d,pink,-6.0,1,49.1311
bm3_kin,pink,-6.0,2,47.635
cnn1d,pink,-6.0,2,45.0893
tcn,pink,-6.0,2,47.0875
cnnlstm,pink,-6.0,2,47.3103
s4d,pink,-6.0,2,50.034
bm3_kin,pink,-6.0,3,49.8922
cnn1d,pink,-6.0,3,41.5671
tcn,pink,-6.0,3,48.6174
cnnlstm,pink,-6.0,3,45.3443
s4d,pink,-6.0,3,49.8293
bm3_kin,pink,-6.0,4,48.552
cnn1d,pink,-6.0,4,44.8917
tcn,pink,-6.0,4,47.0434
cnnlstm,pink,-6.0,4,45.1981
s4d,pink,-6.0,4,50.7423
bm3_kin,pink,-10.0,0,48.0218
cnn1d,pink,-10.0,0,43.0905
tcn,pink,-10.0,0,48.909
cnnlstm,pink,-10.0,0,47.3261
s4d,pink,-10.0,0,50.3606
bm3_kin,pink,-10.0,1,48.0194
cnn1d,pink,-10.0,1,46.2807
tcn,pink,-10.0,1,46.401
cnnlstm,pink,-10.0,1,46.6478
s4d,pink,-10.0,1,49.2847
bm3_kin,pink,-10.0,2,48.0783
cnn1d,pink,-10.0,2,46.9399
tcn,pink,-10.0,2,48.9461
cnnlstm,pink,-10.0,2,47.3359
s4d,pink,-10.0,2,49.9423
bm3_kin,pink,-10.0,3,48.9952
cnn1d,pink,-10.0,3,41.543
tcn,pink,-10.0,3,48.8739
cnnlstm,pink,-10.0,3,45.2124
s4d,pink,-10.0,3,49.6842
bm3_kin,pink,-10.0,4,49.4714
cnn1d,pink,-10.0,4,43.5594
tcn,pink,-10.0,4,45.0853
cnnlstm,pink,-10.0,4,45.0519
s4d,pink,-10.0,4,50.5513
bm3_kin,impulsive,0.0,0,49.1341
cnn1d,impulsive,0.0,0,48.3784
tcn,impulsive,0.0,0,49.298
cnnlstm,impulsive,0.0,0,47.1987
s4d,impulsive,0.0,0,50.1927
bm3_kin,impulsive,0.0,1,49.5414
cnn1d,impulsive,0.0,1,47.0379
tcn,impulsive,0.0,1,49.4381
cnnlstm,impulsive,0.0,1,46.4501
s4d,impulsive,0.0,1,49.9905
bm3_kin,impulsive,0.0,2,48.1022
cnn1d,impulsive,0.0,2,46.9212
tcn,impulsive,0.0,2,50.1899
cnnlstm,impulsive,0.0,2,47.9226
s4d,impulsive,0.0,2,48.9542
bm3_kin,impulsive,0.0,3,49.5766
cnn1d,impulsive,0.0,3,48.7641
tcn,impulsive,0.0,3,49.0456
cnnlstm,impulsive,0.0,3,47.7016
s4d,impulsive,0.0,3,50.1084
bm3_kin,impulsive,0.0,4,48.5051
cnn1d,impulsive,0.0,4,45.1115
tcn,impulsive,0.0,4,48.8144
cnnlstm,impulsive,0.0,4,48.3862
s4d,impulsive,0.0,4,48.6421
bm3_kin,impulsive,-2.0,0,49.2533
cnn1d,impulsive,-2.0,0,47.9225
tcn,impulsive,-2.0,0,49.1126
cnnlstm,impulsive,-2.0,0,46.3643
s4d,impulsive,-2.0,0,50.2146
bm3_kin,impulsive,-2.0,1,49.7582
cnn1d,impulsive,-2.0,1,47.8144
tcn,impulsive,-2.0,1,48.7956
cnnlstm,impulsive,-2.0,1,46.9246
s4d,impulsive,-2.0,1,49.9215
bm3_kin,impulsive,-2.0,2,48.9793
cnn1d,impulsive,-2.0,2,45.9127
tcn,impulsive,-2.0,2,49.9117
cnnlstm,impulsive,-2.0,2,47.626
s4d,impulsive,-2.0,2,49.4254
bm3_kin,impulsive,-2.0,3,49.7541
cnn1d,impulsive,-2.0,3,48.6362
tcn,impulsive,-2.0,3,48.8781
cnnlstm,impulsive,-2.0,3,46.3316
s4d,impulsive,-2.0,3,50.019
bm3_kin,impulsive,-2.0,4,48.6188
cnn1d,impulsive,-2.0,4,48.2488
tcn,impulsive,-2.0,4,49.0899
cnnlstm,impulsive,-2.0,4,48.5359
s4d,impulsive,-2.0,4,48.5493
bm3_kin,impulsive,-6.0,0,48.7575
cnn1d,impulsive,-6.0,0,48.6893
tcn,impulsive,-6.0,0,49.3814
cnnlstm,impulsive,-6.0,0,46.9379
s4d,impulsive,-6.0,0,50.4266
bm3_kin,impulsive,-6.0,1,49.5264
cnn1d,impulsive,-6.0,1,46.794
tcn,impulsive,-6.0,1,48.6623
cnnlstm,impulsive,-6.0,1,47.5369
s4d,impulsive,-6.0,1,49.9317
bm3_kin,impulsive,-6.0,2,49.2301
cnn1d,impulsive,-6.0,2,47.1793
tcn,impulsive,-6.0,2,49.8018
cnnlstm,impulsive,-6.0,2,48.1822
s4d,impulsive,-6.0,2,49.4651
bm3_kin,impulsive,-6.0,3,49.6473
cnn1d,impulsive,-6.0,3,47.561
tcn,impulsive,-6.0,3,49.6599
cnnlstm,impulsive,-6.0,3,46.6119
s4d,impulsive,-6.0,3,49.8611
bm3_kin,impulsive,-6.0,4,49.2082
cnn1d,impulsive,-6.0,4,46.4331
tcn,impulsive,-6.0,4,49.4592
cnnlstm,impulsive,-6.0,4,48.238
s4d,impulsive,-6.0,4,48.3253
bm3_kin,impulsive,-10.0,0,48.8094
cnn1d,impulsive,-10.0,0,48.0255
tcn,impulsive,-10.0,0,49.7847
cnnlstm,impulsive,-10.0,0,46.8919
s4d,impulsive,-10.0,0,50.644
bm3_kin,impulsive,-10.0,1,49.0981
cnn1d,impulsive,-10.0,1,47.2435
tcn,impulsive,-10.0,1,48.7197
cnnlstm,impulsive,-10.0,1,46.8882
s4d,impulsive,-10.0,1,49.809
bm3_kin,impulsive,-10.0,2,49.8696
cnn1d,impulsive,-10.0,2,48.1224
tcn,impulsive,-10.0,2,49.8115
cnnlstm,impulsive,-10.0,2,48.3612
s4d,impulsive,-10.0,2,49.2895
bm3_kin,impulsive,-10.0,3,50.2802
cnn1d,impulsive,-10.0,3,47.9478
tcn,impulsive,-10.0,3,49.2983
cnnlstm,impulsive,-10.0,3,48.2171
s4d,impulsive,-10.0,3,49.7273
bm3_kin,impulsive,-10.0,4,47.5786
cnn1d,impulsive,-10.0,4,47.738
tcn,impulsive,-10.0,4,49.4043
cnnlstm,impulsive,-10.0,4,49.3966
s4d,impulsive,-10.0,4,48.7183
