condition,arm,n_seeds,f1_mean,f1_std
awgn@+0dB,bm3_kin,5,0.48954620406631155,0.004024276745385816
awgn@+0dB,cnn1d,5,0.42980434916057175,0.02320453015878252
awgn@+0dB,cnnlstm,5,0.45497995762590016,0.023323966731115267
awgn@+0dB,s4d,5,0.4969707825068676,0.0075208254095771
awgn@+0dB,tcn,5,0.45714655163590107,0.021690278989563015
awgn@-10dB,bm3_kin,5,0.4771797099713969,0.012816236815098653
awgn@-10dB,cnn1d,5,0.4298687033168761,0.024210252867572862
awgn@-10dB,cnnlstm,5,0.45749996431929285,0.020114447514660336
awgn@-10dB,s4d,5,0.49667250539342467,0.0077906329402874395
awgn@-10dB,tcn,5,0.4736866610444719,0.011662653342295975
awgn@-2dB,bm3_kin,5,0.4903400893347258,0.003347293185745329
awgn@-2dB,cnn1d,5,0.4256661987785978,0.02001796300834663
awgn@-2dB,cnnlstm,5,0.45670675530685045,0.024265604298665807
awgn@-2dB,s4d,5,0.4974792326730421,0.004290910498739456
awgn@-2dB,tcn,5,0.4686661320936176,0.013313698410779123
awgn@-6dB,bm3_kin,5,0.4889451852968353,0.005103965935234234
awgn@-6dB,cnn1d,5,0.43201770300659365,0.023875681015684654
awgn@-6dB,cnnlstm,5,0.4569611307292779,0.02450017095767084
awgn@-6dB,s4d,5,0.49784516118913913,0.00794073682782993
awgn@-6dB,tcn,5,0.4517173661009264,0.021658111772810802
clean,bm3_kin,5,0.8003635750257793,0.09636246793368508
clean,cnn1d,5,0.4193340789088983,0.020056236260375112
clean,cnnlstm,5,0.5614766318417587,0.04768477001247332
clean,s4d,5,0.8097906488184179,0.05891558239543199
clean,tcn,5,0.47077740220883885,0.046520487696869985
impulsive@+0dB,bm3_kin,5,0.48971882359709795,0.006501138820686794
impulsive@+0dB,cnn1d,5,0.47242621869682627,0.014397617589848534
impulsive@+0dB,cnnlstm,5,0.47531856127332084,0.007403736084839221
impulsive@+0dB,s4d,5,0.4957757539210602,0.007235972317395441
impulsive@+0dB,tcn,5,0.49357197904718575,0.005232695146632379
impulsive@-10dB,bm3_kin,5,0.4912719508415221,0.0104646351310991
impulsive@-10dB,cnn1d,5,0.47815429183320124,0.0034964181531944617
impulsive@-10dB,cnnlstm,5,0.47950978263274874,0.01070052670088418
impulsive@-10dB,s4d,5,0.4963763784225429,0.007100278211126399
impulsive@-10dB,tcn,5,0.4940369930180243,0.004445448066188657
impulsive@-2dB,bm3_kin,5,0.49272720406246845,0.004953482106784145
impulsive@-2dB,cnn1d,5,0.4770692850618395,0.010529060841282323
impulsive@-2dB,cnnlstm,5,0.4715647777344619,0.0093340559126247
impulsive@-2dB,s4d,5,0.4962594473449024,0.006685314389732626
impulsive@-2dB,tcn,5,0.4915757965781532,0.004428359100818744
impulsive@-6dB,bm3_kin,5,0.49273923583270857,0.0034498423821299863
impulsive@-6dB,cnn1d,5,0.47331326127163464,0.008682629615099462
impulsive@-6dB,cnnlstm,5,0.4750136998025326,0.007273347919973645
impulsive@-6dB,s4d,5,0.4960196609052921,0.007913033507403707
impulsive@-6dB,tcn,5,0.4939291865257894,0.004406820893210632
pink@+0dB,bm3_kin,5,0.4883764448433919,0.008284704611152962
pink@+0dB,cnn1d,5,0.424353939324455,0.023525974501078514
pink@+0dB,cnnlstm,5,0.46161270041432234,0.012786859419082532
pink@+0dB,s4d,5,0.4991378622992807,0.004327070701911221
pink@+0dB,tcn,5,0.4758977049610489,0.013967574760224975
pink@-10dB,bm3_kin,5,0.4851722736028531,0.006754338856754168
pink@-10dB,cnn1d,5,0.4428270591923991,0.022640155074163552
pink@-10dB,cnnlstm,5,0.46314811548663987,0.011165280199085957
pink@-10dB,s4d,5,0.4996461020524584,0.005105002141166087
pink@-10dB,tcn,5,0.4764306163380363,0.017958444084495113
pink@-2dB,bm3_kin,5,0.4893100358670571,0.008297365954169517
pink@-2dB,cnn1d,5,0.44330300332000505,0.02573803660143878
pink@-2dB,cnnlstm,5,0.46491815929390146,0.011179912642543267
pink@-2dB,s4d,5,0.5005528741385674,0.0041623126383929536
pink@-2dB,tcn,5,0.470041358132788,0.008764201538934051
pink@-6dB,bm3_kin,5,0.485578579184506,0.00827987551371704
pink@-6dB,cnn1d,5,0.43219406008915107,0.022593864833572005
pink@-6dB,cnnlstm,5,0.4627689702793513,0.010693782461005764
pink@-6dB,s4d,5,0.49977246050428076,0.00582231394301922
pink@-6dB,tcn,5,0.4727763766757045,0.0136704662131287
