component_arm,condition,comparison,mean_diff_pp,std_diff_pp,paired_ttest_stat,paired_ttest_p,wilcoxon_stat,wilcoxon_p,significant_p05
frozen_noconv,clean,frozen_minus_X,-20.949,9.359,-5.005394857766401,0.007461911419622624,0.0,0.0625,True
frozen_noconv,clean,X_minus_s4d,17.575,6.261,6.276888674708428,0.0032888317121247705,0.0,0.0625,True
frozen_noconv,awgn@+10dB,frozen_minus_X,-18.963,7.949,-5.334343051505076,0.005947860535286933,0.0,0.0625,True
frozen_noconv,awgn@+10dB,X_minus_s4d,17.457,6.141,6.356852771136655,0.003138536546343213,0.0,0.0625,True
frozen_noconv,awgn@+6dB,frozen_minus_X,-15.194,4.91,-6.919176515895229,0.002289570250301848,0.0,0.0625,True
frozen_noconv,awgn@+6dB,X_minus_s4d,17.096,5.546,6.893102613745195,0.002322139472118659,0.0,0.0625,True
frozen_noconv,awgn@+0dB,frozen_minus_X,-6.563,8.098,-1.8121862673861933,0.14418036197038162,0.0,0.0625,False
frozen_noconv,awgn@+0dB,X_minus_s4d,20.964,5.683,8.249344742899815,0.001177828408696084,0.0,0.0625,True
frozen_noconv,awgn@-2dB,frozen_minus_X,-2.662,5.624,-1.0583585500443657,0.3495712350378928,6.0,0.8125,False
frozen_noconv,awgn@-2dB,X_minus_s4d,20.305,4.429,10.251781063504016,0.0005103826607692138,0.0,0.0625,True
frozen_noconv,awgn@-6dB,frozen_minus_X,7.913,8.021,2.206034231786156,0.09203169642490798,1.0,0.125,False
frozen_noconv,awgn@-6dB,X_minus_s4d,9.516,7.332,2.901974538593263,0.04403070342299218,0.0,0.0625,True
frozen_noconv,awgn@-10dB,frozen_minus_X,12.052,6.134,4.393566166170084,0.01174991116446796,0.0,0.0625,True
frozen_noconv,awgn@-10dB,X_minus_s4d,0.244,2.98,0.18316219214078958,0.8635801003480079,5.0,0.625,False
frozen_nogate,clean,frozen_minus_X,6.784,8.792,1.7252180710901768,0.15957269726979417,0.0,0.0625,False
frozen_nogate,clean,X_minus_s4d,-10.158,8.85,-2.566626670949372,0.06220029271452562,1.0,0.125,False
frozen_nogate,awgn@+10dB,frozen_minus_X,8.415,8.679,2.168058581218303,0.0960185452871946,0.0,0.0625,False
frozen_nogate,awgn@+10dB,X_minus_s4d,-9.921,10.126,-2.190889762091357,0.0935990698564166,2.0,0.1875,False
frozen_nogate,awgn@+6dB,frozen_minus_X,12.207,5.799,4.707209957632166,0.00925879716884231,0.0,0.0625,True
frozen_nogate,awgn@+6dB,X_minus_s4d,-10.305,5.203,-4.428948120216853,0.011431319983169918,0.0,0.0625,True
frozen_nogate,awgn@+0dB,frozen_minus_X,13.046,5.239,5.568311007132123,0.00509573067750117,0.0,0.0625,True
frozen_nogate,awgn@+0dB,X_minus_s4d,1.355,10.844,0.27944097299214893,0.7937603113488356,7.0,1.0,False
frozen_nogate,awgn@-2dB,frozen_minus_X,21.104,13.979,3.3759099358969253,0.027890747600795046,0.0,0.0625,True
frozen_nogate,awgn@-2dB,X_minus_s4d,-3.462,17.97,-0.43075507573011423,0.6888427464921976,5.0,0.625,False
frozen_nogate,awgn@-6dB,frozen_minus_X,23.529,12.132,4.336546237083041,0.012286259141892467,0.0,0.0625,True
frozen_nogate,awgn@-6dB,X_minus_s4d,-6.1,12.766,-1.068454458923887,0.34550785111567606,4.0,0.4375,False
frozen_nogate,awgn@-10dB,frozen_minus_X,12.669,6.172,4.589543343779422,0.010110308786034604,0.0,0.0625,True
frozen_nogate,awgn@-10dB,X_minus_s4d,-0.373,3.597,-0.23194531859563922,0.8279636084093311,5.0,0.625,False
frozen_As4d,clean,frozen_minus_X,-0.76,2.264,-0.7506281812869774,0.4946204511206067,4.0,0.4375,False
frozen_As4d,clean,X_minus_s4d,-2.615,5.702,-1.025435018459618,0.36311946615354207,4.0,0.4375,False
frozen_As4d,awgn@+10dB,frozen_minus_X,-0.226,1.181,-0.4274134892090402,0.6910822677502698,5.0,0.625,False
frozen_As4d,awgn@+10dB,X_minus_s4d,-1.28,6.044,-0.4736762407325694,0.6604262218155338,6.0,0.8125,False
frozen_As4d,awgn@+6dB,frozen_minus_X,0.215,2.287,0.20982597447572185,0.8440574684768113,7.0,1.0,False
frozen_As4d,awgn@+6dB,X_minus_s4d,1.687,3.273,1.1526087054250758,0.31326512623072206,3.0,0.3125,False
frozen_As4d,awgn@+0dB,frozen_minus_X,-2.411,4.074,-1.3234120212452523,0.2562726458098447,5.0,0.625,False
frozen_As4d,awgn@+0dB,X_minus_s4d,16.812,8.359,4.4974088273537935,0.010844051057072129,0.0,0.0625,True
frozen_As4d,awgn@-2dB,frozen_minus_X,-2.211,3.064,-1.6136579488405283,0.18189981703445915,2.0,0.1875,False
frozen_As4d,awgn@-2dB,X_minus_s4d,19.854,6.236,7.119597278785741,0.002057144539438523,0.0,0.0625,True
frozen_As4d,awgn@-6dB,frozen_minus_X,-4.153,9.093,-1.0213023486521207,0.36485246329992543,3.0,0.3125,False
frozen_As4d,awgn@-6dB,X_minus_s4d,21.582,3.169,15.230476588017796,0.00010837217236032169,0.0,0.0625,True
frozen_As4d,awgn@-10dB,frozen_minus_X,-1.623,1.291,-2.812012667869132,0.04821808961161209,0.0,0.0625,True
frozen_As4d,awgn@-10dB,X_minus_s4d,13.919,6.28,4.955908760459182,0.007728592429991355,0.0,0.0625,True
