arm,condition,snr_db_for_plot,mean_macro_f1,std_macro_f1,n_seeds_used
bm3_frozen,clean,15.0,0.7782226068730947,0.08127227883370043,5
bm3_frozen,awgn@+10dB,10.0,0.7996313517101333,0.06749926198757278,5
bm3_frozen,awgn@+6dB,6.0,0.8365555566571219,0.03739673576063133,5
bm3_frozen,awgn@+0dB,0.0,0.9064205876063728,0.06637527735211927,5
bm3_frozen,awgn@-2dB,-2.0,0.9283133502027292,0.04571508985711031,5
bm3_frozen,awgn@-6dB,-6.0,0.8599154309620903,0.0935382072912062,5
bm3_frozen,awgn@-10dB,-10.0,0.6463042171250878,0.06140131044886217,5
frozen_noconv,clean,15.0,0.9877167717992092,0.006130164530928055,5
frozen_noconv,awgn@+10dB,10.0,0.9892649867791476,0.006500455890286236,5
frozen_noconv,awgn@+6dB,6.0,0.9884954992909138,0.008690356463583009,5
frozen_noconv,awgn@+0dB,0.0,0.9720523350055703,0.009857761342030374,5
frozen_noconv,awgn@-2dB,-2.0,0.9549333718257056,0.007623034671192268,5
frozen_noconv,awgn@-6dB,-6.0,0.7807835216769508,0.06196724256552592,5
frozen_noconv,awgn@-10dB,-10.0,0.5257873749135025,0.013147884658935379,5
frozen_nogate,clean,15.0,0.7103859264633032,0.07380995851804117,5
frozen_nogate,awgn@+10dB,10.0,0.7154779792638715,0.07401661120260312,5
frozen_nogate,awgn@+6dB,6.0,0.7144858728006429,0.047957929628602264,5
frozen_nogate,awgn@+0dB,0.0,0.775960811058401,0.08257775766974187,5
frozen_nogate,awgn@-2dB,-2.0,0.7172692417435496,0.14788536665070084,5
frozen_nogate,awgn@-6dB,-6.0,0.6246293335557078,0.11559060610808235,5
frozen_nogate,awgn@-10dB,-10.0,0.519616067204573,0.008895025046464356,5
frozen_As4d,clean,15.0,0.7858234863058622,0.06600003906720812,5
frozen_As4d,awgn@+10dB,10.0,0.8018887833600086,0.07154319339994628,5
frozen_As4d,awgn@+6dB,6.0,0.834409667227931,0.030126601091041313,5
frozen_As4d,awgn@+0dB,0.0,0.9305298605497507,0.04458000591337667,5
frozen_As4d,awgn@-2dB,-2.0,0.9504256185049883,0.022602464075630612,5
frozen_As4d,awgn@-6dB,-6.0,0.9014472188476699,0.020966491780039887,5
frozen_As4d,awgn@-10dB,-10.0,0.6625358257961447,0.0683781757168681,5
s4d,clean,15.0,0.8119701622736294,0.05325762981870527,5
s4d,awgn@+10dB,10.0,0.8146929197021473,0.052720571251788084,5
s4d,awgn@+6dB,6.0,0.8175380450824813,0.04504402835565481,5
s4d,awgn@+0dB,0.0,0.7624087568951109,0.045193124276846235,5
s4d,awgn@-2dB,-2.0,0.7518870839867308,0.03893709790231638,5
s4d,awgn@-6dB,-6.0,0.6856281128195365,0.01639345706672035,5
s4d,awgn@-10dB,-10.0,0.5233467823335552,0.03852344789721878,5
