component_arm,condition,delta_frozen_minus_X_pp,delta_X_minus_s4d_pp
frozen_noconv,clean,-20.95,17.57
frozen_noconv,awgn@+10dB,-18.96,17.46
frozen_noconv,awgn@+6dB,-15.19,17.1
frozen_noconv,awgn@+0dB,-6.56,20.96
frozen_noconv,awgn@-2dB,-2.66,20.3
frozen_noconv,awgn@-6dB,7.91,9.52
frozen_noconv,awgn@-10dB,12.05,0.24
frozen_nogate,clean,6.78,-10.16
frozen_nogate,awgn@+10dB,8.42,-9.92
frozen_nogate,awgn@+6dB,12.21,-10.31
frozen_nogate,awgn@+0dB,13.05,1.36
frozen_nogate,awgn@-2dB,21.1,-3.46
frozen_nogate,awgn@-6dB,23.53,-6.1
frozen_nogate,awgn@-10dB,12.67,-0.37
frozen_As4d,clean,-0.76,-2.61
frozen_As4d,awgn@+10dB,-0.23,-1.28
frozen_As4d,awgn@+6dB,0.21,1.69
frozen_As4d,awgn@+0dB,-2.41,16.81
frozen_As4d,awgn@-2dB,-2.21,19.85
frozen_As4d,awgn@-6dB,-4.15,21.58
frozen_As4d,awgn@-10dB,-1.62,13.92
