rule,contrast,condition,n,mean_diff_pp,ci_lo,ci_hi,n_pos,wilcoxon_p
oracle,frozen-s4d,awgn@+0dB,5,14.631274394037131,1.2848197200597298,27.977729068014533,5.0,0.03125
oracle,frozen-s4d,awgn@-2dB,5,17.218810888467893,6.699089341876505,27.73853243505928,5.0,0.03125
oracle,frozen-s4d,awgn@-6dB,5,17.10565973092813,4.336391781201719,29.874927680654544,4.0,0.0625
oracle,frozen-nogate,awgn@+0dB,5,12.841574012177048,6.378385927230396,19.3047620971237,5.0,0.03125
oracle,frozen-nogate,awgn@-2dB,5,19.247799719874727,3.201830790898736,35.293768648850715,5.0,0.03125
oracle,frozen-nogate,awgn@-6dB,5,23.754196383376858,9.102209575892006,38.40618319086171,5.0,0.03125
oracle,graft-s4d,awgn@+0dB,5,5.012705672853613,-1.0433582744210268,11.068769620128254,4.0,0.0625
oracle,graft-s4d,awgn@-2dB,5,4.798361919774311,1.2914991887536433,8.305224650794978,5.0,0.03125
oracle,graft-s4d,awgn@-6dB,5,0.6760839464975164,-2.728935082541293,4.081102975536326,3.0,0.3125
oracle,R_recovery_ratio,band_mean,5,0.2202652919356816,,,,
last5,frozen-s4d,awgn@+0dB,5,15.698328724780222,4.394523047292045,27.002134402268396,5.0,0.03125
last5,frozen-s4d,awgn@-2dB,5,19.926125087608867,11.985420347461304,27.86682982775643,5.0,0.03125
last5,frozen-s4d,awgn@-6dB,5,16.432387076521568,4.16926618544273,28.695507967600406,4.0,0.0625
last5,frozen-nogate,awgn@+0dB,5,9.163765577084884,2.863184074154492,15.464347080015276,5.0,0.03125
last5,frozen-nogate,awgn@-2dB,5,15.69104867646124,-0.7881290037414033,32.17022635666388,4.0,0.0625
last5,frozen-nogate,awgn@-6dB,5,22.616327090760084,5.852067948268338,39.38058623325183,5.0,0.03125
last5,graft-s4d,awgn@+0dB,5,4.015219320848797,-0.48432461431207496,8.514763256009669,4.0,0.0625
last5,graft-s4d,awgn@-2dB,5,6.927447266518632,2.5798400763219265,11.275054456715338,5.0,0.03125
last5,graft-s4d,awgn@-6dB,5,-0.1287311376184249,-4.167811720874813,3.9103494456379626,2.0,0.6875
last5,R_recovery_ratio,band_mean,5,0.19853207000646045,,,,
final,frozen-s4d,awgn@+0dB,5,15.536628927356002,4.3066825575929695,26.766575297119033,5.0,0.03125
final,frozen-s4d,awgn@-2dB,5,19.807203572877604,11.951736437247554,27.662670708507655,5.0,0.03125
final,frozen-s4d,awgn@-6dB,5,16.40285283390906,4.104265365659911,28.701440302158204,4.0,0.0625
final,frozen-nogate,awgn@+0dB,5,9.105065091884569,2.9366673313916456,15.273462852377492,5.0,0.03125
final,frozen-nogate,awgn@-2dB,5,15.616749282266824,-0.7581240322620957,31.991622596795743,4.0,0.0625
final,frozen-nogate,awgn@-6dB,5,22.588613769534657,5.7889611344017275,39.38826640466759,5.0,0.03125
final,graft-s4d,awgn@+0dB,5,3.8689899329694413,-0.8306926860556905,8.568672551994574,4.0,0.0625
final,graft-s4d,awgn@-2dB,5,6.757152775358975,2.380720403151929,11.13358514756602,5.0,0.03125
final,graft-s4d,awgn@-6dB,5,-0.05080742930839079,-4.0295909485939045,3.927976089977123,2.0,0.6875
final,R_recovery_ratio,band_mean,5,0.19569084128681236,,,,
