rule,arm,condition,mean,sd,n
oracle,bm3_frozen,awgn@+0dB,90.56213090696426,7.528397151664709,5
oracle,bm3_frozen,awgn@-2dB,92.34651431890194,5.5187215638972145,5
oracle,bm3_frozen,awgn@-6dB,85.66803175000032,9.875670768172705,5
oracle,frozen_nogate,awgn@+0dB,77.72055689478721,9.912560704639004,5
oracle,frozen_nogate,awgn@-2dB,73.09871459902723,15.979814878853519,5
oracle,frozen_nogate,awgn@-6dB,61.91383536662347,12.399941125356396,5
oracle,s4d,awgn@+0dB,75.93085651292712,5.526008167195286,5
oracle,s4d,awgn@-2dB,75.12770343043405,4.526088348173364,5
oracle,s4d,awgn@-6dB,68.56237201907219,1.8338098490031995,5
oracle,s4d_plus_gate,awgn@+0dB,80.94356218578073,2.0048298890920435,5
oracle,s4d_plus_gate,awgn@-2dB,79.92606535020836,2.739801731176718,5
oracle,s4d_plus_gate,awgn@-6dB,69.2384559655697,2.237406367251335,5
last5,bm3_frozen,awgn@+0dB,83.11291976966233,8.227997224335157,5
last5,bm3_frozen,awgn@-2dB,87.3439145795761,5.330322464439985,5
last5,bm3_frozen,awgn@-6dB,83.12406940628104,9.635869954509552,5
last5,frozen_nogate,awgn@+0dB,73.94915419257744,8.163043030501397,5
last5,frozen_nogate,awgn@-2dB,71.65286590311484,14.584903205119017,5
last5,frozen_nogate,awgn@-6dB,60.50774231552095,12.770565256989672,5
last5,s4d,awgn@+0dB,67.41459104488212,3.8341665714341993,5
last5,s4d,awgn@-2dB,67.41778949196721,2.839013917651145,5
last5,s4d,awgn@-6dB,66.69168232975947,1.8177592282073551,5
last5,s4d_plus_gate,awgn@+0dB,71.4298103657309,1.6959692798977608,5
last5,s4d_plus_gate,awgn@-2dB,74.34523675848584,2.48429531306672,5
last5,s4d_plus_gate,awgn@-6dB,66.56295119214104,3.2973066243964135,5
final,bm3_frozen,awgn@+0dB,83.14030368382852,8.194131381116119,5
final,bm3_frozen,awgn@-2dB,87.33363750063565,5.381927115618695,5
final,bm3_frozen,awgn@-6dB,83.09413928993943,9.642444181217554,5
final,frozen_nogate,awgn@+0dB,74.03523859194395,8.178142951296643,5
final,frozen_nogate,awgn@-2dB,71.71688821836881,14.572914696376369,5
final,frozen_nogate,awgn@-6dB,60.50552552040477,12.75593869328383,5
final,s4d,awgn@+0dB,67.60367475647251,3.935317166052759,5
final,s4d,awgn@-2dB,67.52643392775803,2.7977766528970487,5
final,s4d,awgn@-6dB,66.69128645603037,1.7953952935225965,5
final,s4d_plus_gate,awgn@+0dB,71.47266468944196,1.7349924069895897,5
final,s4d_plus_gate,awgn@-2dB,74.28358670311701,2.377233215427296,5
final,s4d_plus_gate,awgn@-6dB,66.64047902672199,3.2720215549394576,5
